{
  "namespace": "ACG.Project.Website",
  "tags": [ "project" ],
  "items": {
    "path": "~/serialization/Project/$(module)",
    "includes": [
      {
        "name": "Layouts",
        "path": "/sitecore/layout/Layouts/Project/ACG"
      },
      {
        "name": "Placeholders",
        "path": "/sitecore/layout/Placeholder Settings/Project/ACG"
      },
      {
        "name": "Templates",
        "path": "/sitecore/templates/Project/ACG"
      },
      {
        "name": "Branches",
        "path": "/sitecore/templates/Branches/Project/ACG"
      },
      {
        "name": "API Keys",
        "path": "/sitecore/system/Settings/Services/API Keys/ACG"
      }
    ]
  }
}