{
  "namespace": "ACG.Project.Shared",
  "tags": [ "project" ],
  "items": {
    "path": "~/serialization/Project/$(module)",
    "includes": [
      {
        "name": "Templates",
        "path": "/sitecore/templates/Project/Global"
      },
      {
        "name": "Renderings",
        "path": "/sitecore/layout/renderings/Project/Global"
      },
      {
        "name": "Layouts",
        "path": "/sitecore/layout/layouts/Project/Global"
      },
      {
        "name": "Placeholder Settings",
        "path": "/sitecore/layout/placeholder settings/Project/Global"
      }
    ]
  }
}