{
  "namespace": "ACG.Feature.Navigation",
  "description": "Developer owned system level items related to navigation",
  "tags": [ "navigation" ],
  "items": {
    "path": "~/serialization/Feature/$(module)",
    "includes": [
      {
        "name": "Templates",
        "path": "/sitecore/templates/Feature/ACG/Navigation"
      },
      {
        "name": "Renderings",
        "path": "/sitecore/layout/Renderings/Feature/ACG/Header/Navigation"
      },
      {
        "name": "Contents Resolvers",
        "path": "/sitecore/system/Modules/Layout Service/Rendering Contents Resolvers/ACG/Header/Navigation Content Resolver"
      }
    ]
  }
}